[
  {
    "codigo": "rc_dashboard",
    "url": "",
    "nombre": "Dashboard",
    "icono": "fas fa-chart-pie",
    "submenu": [
      {
        "codigo": "rc_dashboard",
        "url": "/dashboard/dashboard",
        "nombre": "Resumen",
        "icono": "mdi mdi-adjust",
        "submenu": []
      }
    ]
  },
  {
    "codigo": "rc_configuracion",
    "url": "",
    "nombre": "Configuración",
    "icono": "ti-settings",
    "submenu": [
      {
        "codigo": "rc_plantilla",
        "url": "/configuracion/plantillas",
        "nombre": "Plantilla",
        "icono": "mdi mdi-adjust",
        "submenu": []
      },
      {
        "codigo": "rc_encuesta",
        "url": "/configuracion/encuesta",
        "nombre": "Encuesta",
        "icono": "mdi mdi-adjust",
        "submenu": []
      },
      {
        "codigo": "rc_dispositivo",
        "url": "/configuracion/dispositivos",
        "nombre": "Dispositivo",
        "icono": "mdi mdi-adjust",
        "submenu": []
      }
    ]
  },
  {
    "codigo": "rc_proceso_automatico",
    "url": "",
    "nombre": "Proceso Automático",
    "icono": "fas fa-tasks",
    "submenu": [
      {
        "codigo": "rc_proceso",
        "url": "/procesos/procesos",
        "nombre": "Procesos",
        "icono": "mdi mdi-adjust",
        "submenu": []
      },
      {
        "codigo": "rc_servico",
        "url": "/conexiones/conexiones-CapaDeServicios",
        "nombre": "Capas de servicios",
        "icono": "",
        "submenu": []
      }
    ]
  },
  {
    "codigo": "rc_seguridad",
    "url": "",
    "nombre": "Seguridad",
    "icono": "fas fa-shield-alt",
    "submenu": [
      {
        "codigo": "rc_permiso",
        "url": "/permisos/permisos",
        "nombre": "Permisos",
        "icono": "mdi mdi-adjust",
        "submenu": []
      }
    ]
  }
]
