﻿<?xml version="1.0" encoding="utf-8" standalone="yes"?>
<results>
  <skipped_modules>
    <skipped_module name="system.threading.thread.dll" path="system.threading.thread.dll" reason="no_symbols" />
    <skipped_module name="system.net.http.dll" path="system.net.http.dll" reason="no_symbols" />
    <skipped_module name="system.io.memorymappedfiles.dll" path="system.io.memorymappedfiles.dll" reason="no_symbols" />
    <skipped_module name="system.io.compression.dll" path="system.io.compression.dll" reason="no_symbols" />
    <skipped_module name="system.diagnostics.tracing.dll" path="system.diagnostics.tracing.dll" reason="no_symbols" />
    <skipped_module name="nuget.credentials.dll" path="nuget.credentials.dll" reason="no_symbols" />
    <skipped_module name="system.private.uri.dll" path="system.private.uri.dll" reason="no_symbols" />
    <skipped_module name="system.console.dll" path="system.console.dll" reason="no_symbols" />
    <skipped_module name="system.linq.dll" path="system.linq.dll" reason="no_symbols" />
    <skipped_module name="system.security.cryptography.primitives.dll" path="system.security.cryptography.primitives.dll" reason="no_symbols" />
    <skipped_module name="system.diagnostics.process.dll" path="system.diagnostics.process.dll" reason="no_symbols" />
    <skipped_module name="system.net.networkinformation.dll" path="system.net.networkinformation.dll" reason="no_symbols" />
    <skipped_module name="newtonsoft.json.dll" path="newtonsoft.json.dll" reason="no_symbols" />
    <skipped_module name="dotnet.dll" path="dotnet.dll" reason="no_symbols" />
    <skipped_module name="system.runtime.serialization.primitives.dll" path="system.runtime.serialization.primitives.dll" reason="no_symbols" />
    <skipped_module name="system.security.principal.windows.dll" path="system.security.principal.windows.dll" reason="no_symbols" />
    <skipped_module name="system.formats.asn1.dll" path="system.formats.asn1.dll" reason="no_symbols" />
    <skipped_module name="msbuild.dll" path="msbuild.dll" reason="no_symbols" />
    <skipped_module name="microsoft.testplatform.build.resources.dll" path="microsoft.testplatform.build.resources.dll" reason="path_is_excluded" />
    <skipped_module name="system.collections.immutable.dll" path="system.collections.immutable.dll" reason="no_symbols" />
    <skipped_module name="system.runtime.dll" path="system.runtime.dll" reason="no_symbols" />
    <skipped_module name="system.xml.readerwriter.dll" path="system.xml.readerwriter.dll" reason="no_symbols" />
    <skipped_module name="system.componentmodel.primitives.dll" path="system.componentmodel.primitives.dll" reason="no_symbols" />
    <skipped_module name="system.private.xml.dll" path="system.private.xml.dll" reason="no_symbols" />
    <skipped_module name="system.text.regularexpressions.dll" path="system.text.regularexpressions.dll" reason="no_symbols" />
    <skipped_module name="system.xml.xdocument.dll" path="system.xml.xdocument.dll" reason="no_symbols" />
    <skipped_module name="system.diagnostics.diagnosticsource.dll" path="system.diagnostics.diagnosticsource.dll" reason="no_symbols" />
    <skipped_module name="system.runtime.serialization.formatters.dll" path="system.runtime.serialization.formatters.dll" reason="no_symbols" />
    <skipped_module name="system.runtime.numerics.dll" path="system.runtime.numerics.dll" reason="no_symbols" />
    <skipped_module name="nuget.packaging.resources.dll" path="nuget.packaging.resources.dll" reason="no_symbols" />
    <skipped_module name="microsoft.net.sdk.workloadmanifestreader.dll" path="microsoft.net.sdk.workloadmanifestreader.dll" reason="no_symbols" />
    <skipped_module name="microsoft.build.resources.dll" path="microsoft.build.resources.dll" reason="no_symbols" />
    <skipped_module name="microsoft.templateengine.abstractions.dll" path="microsoft.templateengine.abstractions.dll" reason="no_symbols" />
    <skipped_module name="microsoft.templateengine.cli.resources.dll" path="microsoft.templateengine.cli.resources.dll" reason="no_symbols" />
    <skipped_module name="microsoft.templateengine.cli.dll" path="microsoft.templateengine.cli.dll" reason="no_symbols" />
    <skipped_module name="nuget.common.resources.dll" path="nuget.common.resources.dll" reason="no_symbols" />
    <skipped_module name="nuget.frameworks.dll" path="nuget.frameworks.dll" reason="no_symbols" />
    <skipped_module name="microsoft.extensions.logging.abstractions.dll" path="microsoft.extensions.logging.abstractions.dll" reason="no_symbols" />
    <skipped_module name="system.net.quic.dll" path="system.net.quic.dll" reason="no_symbols" />
    <skipped_module name="system.reflection.emit.ilgeneration.dll" path="system.reflection.emit.ilgeneration.dll" reason="no_symbols" />
    <skipped_module name="nuget.configuration.dll" path="nuget.configuration.dll" reason="no_symbols" />
    <skipped_module name="microsoft.win32.registry.dll" path="microsoft.win32.registry.dll" reason="no_symbols" />
    <skipped_module name="system.private.xml.linq.dll" path="system.private.xml.linq.dll" reason="no_symbols" />
    <skipped_module name="microsoft.templatesearch.common.dll" path="microsoft.templatesearch.common.dll" reason="no_symbols" />
    <skipped_module name="microsoft.templateengine.edge.dll" path="microsoft.templateengine.edge.dll" reason="no_symbols" />
    <skipped_module name="system.net.sockets.dll" path="system.net.sockets.dll" reason="no_symbols" />
    <skipped_module name="system.net.requests.dll" path="system.net.requests.dll" reason="no_symbols" />
    <skipped_module name="nuget.dependencyresolver.core.dll" path="nuget.dependencyresolver.core.dll" reason="no_symbols" />
    <skipped_module name="msbuild.resources.dll" path="msbuild.resources.dll" reason="no_symbols" />
    <skipped_module name="system.memory.dll" path="system.memory.dll" reason="no_symbols" />
    <skipped_module name="microsoft.build.nugetsdkresolver.dll" path="microsoft.build.nugetsdkresolver.dll" reason="no_symbols" />
    <skipped_module name="microsoft.dotnet.cli.utils.dll" path="microsoft.dotnet.cli.utils.dll" reason="no_symbols" />
    <skipped_module name="system.text.encoding.extensions.dll" path="system.text.encoding.extensions.dll" reason="no_symbols" />
    <skipped_module name="system.threading.overlapped.dll" path="system.threading.overlapped.dll" reason="no_symbols" />
    <skipped_module name="microsoft.build.utilities.core.dll" path="microsoft.build.utilities.core.dll" reason="no_symbols" />
    <skipped_module name="system.security.claims.dll" path="system.security.claims.dll" reason="no_symbols" />
    <skipped_module name="system.text.json.dll" path="system.text.json.dll" reason="no_symbols" />
    <skipped_module name="system.security.cryptography.dll" path="system.security.cryptography.dll" reason="no_symbols" />
    <skipped_module name="system.runtime.interopservices.dll" path="system.runtime.interopservices.dll" reason="no_symbols" />
    <skipped_module name="microsoft.build.nugetsdkresolver.resources.dll" path="microsoft.build.nugetsdkresolver.resources.dll" reason="no_symbols" />
    <skipped_module name="microsoft.build.tasks.core.dll" path="microsoft.build.tasks.core.dll" reason="no_symbols" />
    <skipped_module name="system.runtime.loader.dll" path="system.runtime.loader.dll" reason="no_symbols" />
    <skipped_module name="system.security.cryptography.pkcs.dll" path="system.security.cryptography.pkcs.dll" reason="no_symbols" />
    <skipped_module name="system.text.encoding.codepages.dll" path="system.text.encoding.codepages.dll" reason="no_symbols" />
    <skipped_module name="microsoft.dotnet.configurer.dll" path="microsoft.dotnet.configurer.dll" reason="no_symbols" />
    <skipped_module name="system.diagnostics.stacktrace.dll" path="system.diagnostics.stacktrace.dll" reason="no_symbols" />
    <skipped_module name="nuget.commands.dll" path="nuget.commands.dll" reason="no_symbols" />
    <skipped_module name="microsoft.build.dll" path="microsoft.build.dll" reason="no_symbols" />
    <skipped_module name="system.runtime.interopservices.runtimeinformation.dll" path="system.runtime.interopservices.runtimeinformation.dll" reason="no_symbols" />
    <skipped_module name="system.collections.concurrent.dll" path="system.collections.concurrent.dll" reason="no_symbols" />
    <skipped_module name="system.net.nameresolution.dll" path="system.net.nameresolution.dll" reason="no_symbols" />
    <skipped_module name="system.reflection.primitives.dll" path="system.reflection.primitives.dll" reason="no_symbols" />
    <skipped_module name="nuget.build.tasks.dll" path="nuget.build.tasks.dll" reason="no_symbols" />
    <skipped_module name="system.linq.expressions.dll" path="system.linq.expressions.dll" reason="no_symbols" />
    <skipped_module name="system.collections.nongeneric.dll" path="system.collections.nongeneric.dll" reason="no_symbols" />
    <skipped_module name="netstandard.dll" path="netstandard.dll" reason="no_symbols" />
    <skipped_module name="system.security.cryptography.algorithms.dll" path="system.security.cryptography.algorithms.dll" reason="no_symbols" />
    <skipped_module name="microsoft.testplatform.build.dll" path="microsoft.testplatform.build.dll" reason="path_is_excluded" />
    <skipped_module name="microsoft.applicationinsights.dll" path="microsoft.applicationinsights.dll" reason="no_symbols" />
    <skipped_module name="system.net.primitives.dll" path="system.net.primitives.dll" reason="no_symbols" />
    <skipped_module name="nuget.common.dll" path="nuget.common.dll" reason="no_symbols" />
    <skipped_module name="system.reflection.emit.lightweight.dll" path="system.reflection.emit.lightweight.dll" reason="no_symbols" />
    <skipped_module name="microsoft.net.stringtools.dll" path="microsoft.net.stringtools.dll" reason="no_symbols" />
    <skipped_module name="system.threading.dll" path="system.threading.dll" reason="no_symbols" />
    <skipped_module name="system.threading.tasks.dataflow.dll" path="system.threading.tasks.dataflow.dll" reason="no_symbols" />
    <skipped_module name="system.private.corelib.dll" path="system.private.corelib.dll" reason="no_symbols" />
    <skipped_module name="system.security.accesscontrol.dll" path="system.security.accesscontrol.dll" reason="no_symbols" />
    <skipped_module name="system.componentmodel.dll" path="system.componentmodel.dll" reason="no_symbols" />
    <skipped_module name="system.reflection.metadata.dll" path="system.reflection.metadata.dll" reason="no_symbols" />
    <skipped_module name="microsoft.net.build.tasks.dll" path="microsoft.net.build.tasks.dll" reason="no_symbols" />
    <skipped_module name="system.numerics.vectors.dll" path="system.numerics.vectors.dll" reason="no_symbols" />
    <skipped_module name="nuget.commands.resources.dll" path="nuget.commands.resources.dll" reason="no_symbols" />
    <skipped_module name="nuget.protocol.dll" path="nuget.protocol.dll" reason="no_symbols" />
    <skipped_module name="system.diagnostics.fileversioninfo.dll" path="system.diagnostics.fileversioninfo.dll" reason="no_symbols" />
    <skipped_module name="system.text.encodings.web.dll" path="system.text.encodings.web.dll" reason="no_symbols" />
    <skipped_module name="microsoft.build.framework.dll" path="microsoft.build.framework.dll" reason="no_symbols" />
    <skipped_module name="system.serviceprocess.servicecontroller.dll" path="system.serviceprocess.servicecontroller.dll" reason="no_symbols" />
    <skipped_module name="nuget.librarymodel.dll" path="nuget.librarymodel.dll" reason="no_symbols" />
    <skipped_module name="system.threading.threadpool.dll" path="system.threading.threadpool.dll" reason="no_symbols" />
    <skipped_module name="nuget.versioning.dll" path="nuget.versioning.dll" reason="no_symbols" />
    <skipped_module name="microsoft.dotnet.templatelocator.dll" path="microsoft.dotnet.templatelocator.dll" reason="no_symbols" />
    <skipped_module name="nuget.build.tasks.resources.dll" path="nuget.build.tasks.resources.dll" reason="no_symbols" />
    <skipped_module name="dotnet.resources.dll" path="dotnet.resources.dll" reason="no_symbols" />
    <skipped_module name="system.componentmodel.typeconverter.dll" path="system.componentmodel.typeconverter.dll" reason="no_symbols" />
    <skipped_module name="system.collections.dll" path="system.collections.dll" reason="no_symbols" />
    <skipped_module name="nuget.packaging.dll" path="nuget.packaging.dll" reason="no_symbols" />
    <skipped_module name="nuget.projectmodel.dll" path="nuget.projectmodel.dll" reason="no_symbols" />
    <skipped_module name="microsoft.win32.primitives.dll" path="microsoft.win32.primitives.dll" reason="no_symbols" />
    <skipped_module name="system.net.security.dll" path="system.net.security.dll" reason="no_symbols" />
    <skipped_module name="system.diagnostics.tracesource.dll" path="system.diagnostics.tracesource.dll" reason="no_symbols" />
    <skipped_module name="microsoft.deployment.dotnet.releases.dll" path="microsoft.deployment.dotnet.releases.dll" reason="no_symbols" />
    <skipped_module name="microsoft.net.sdk.workloadmsbuildsdkresolver.dll" path="microsoft.net.sdk.workloadmsbuildsdkresolver.dll" reason="no_symbols" />
    <skipped_module name="microsoft.dotnet.internalabstractions.dll" path="microsoft.dotnet.internalabstractions.dll" reason="no_symbols" />
    <skipped_module name="system.commandline.dll" path="system.commandline.dll" reason="no_symbols" />
    <skipped_module name="system.objectmodel.dll" path="system.objectmodel.dll" reason="no_symbols" />
    <skipped_module name="system.io.filesystem.dll" path="system.io.filesystem.dll" reason="no_symbols" />
    <skipped_module name="system.threading.tasks.parallel.dll" path="system.threading.tasks.parallel.dll" reason="no_symbols" />
  </skipped_modules>
</results>