<?xml version="1.0" encoding="utf-8"?>
<SonarProjectConfig xmlns:xsi="http://www.w3.org/2001/XMLSchema-instance" xmlns:xsd="http://www.w3.org/2001/XMLSchema" xmlns="http://www.sonarsource.com/msbuild/analyzer/2021/1">
  <AnalysisConfigPath>C:\Users\USER\OneDrive\Documentos\Iguana Digital\Consentimiento\Servicios\zonaes\.sonarqube\conf\SonarQubeAnalysisConfig.xml</AnalysisConfigPath>
  <ProjectPath>C:\Users\USER\OneDrive\Documentos\Iguana Digital\Consentimiento\Servicios\zonaes\zonaes.csproj</ProjectPath>
  <FilesToAnalyzePath>C:\Users\USER\OneDrive\Documentos\Iguana Digital\Consentimiento\Servicios\zonaes\.sonarqube\conf\0\FilesToAnalyze.txt</FilesToAnalyzePath>
  <OutPath>C:\Users\USER\OneDrive\Documentos\Iguana Digital\Consentimiento\Servicios\zonaes\.sonarqube\out\0</OutPath>
  <ProjectType>Product</ProjectType>
  <TargetFramework>net6.0</TargetFramework>
</SonarProjectConfig>