{
  "ExtendedData": {
    "inputs": [
      "https://srbp00gx00/gsa/agpsys_ws.aspx"
    ],
    "collectionTypes": [
      "System.Array",
      "System.Collections.Generic.Dictionary`2"
    ],
    "namespaceMappings": [
      "*, SeguridadService"
    ],
    "references": [
      "Microsoft.Bcl.AsyncInterfaces, {Microsoft.Bcl.AsyncInterfaces, 5.0.0}",
      "Microsoft.Extensions.Configuration.Abstractions, {Microsoft.Extensions.Configuration.Abstractions, 6.0.0}",
      "Microsoft.Extensions.Configuration.Binder, {Microsoft.Extensions.Configuration.Binder, 6.0.0}",
      "Microsoft.Extensions.DependencyInjection, {Microsoft.Extensions.DependencyInjection, 7.0.0}",
      "Microsoft.Extensions.DependencyInjection.Abstractions, {Microsoft.Extensions.DependencyInjection.Abstractions, 7.0.0}",
      "Microsoft.Extensions.Logging, {Microsoft.Extensions.Logging, 2.0.0}",
      "Microsoft.Extensions.Logging.Abstractions, {Microsoft.Extensions.Logging.Abstractions, 2.0.0}",
      "Microsoft.Extensions.ObjectPool, {Microsoft.Extensions.ObjectPool, 5.0.10}",
      "Microsoft.Extensions.Options, {Microsoft.Extensions.Options, 2.0.0}",
      "Microsoft.Extensions.Primitives, {Microsoft.Extensions.Primitives, 6.0.0}",
      "Microsoft.IdentityModel.Logging, {Microsoft.IdentityModel.Logging, 6.8.0}",
      "Microsoft.IdentityModel.Protocols.WsTrust, {Microsoft.IdentityModel.Protocols.WsTrust, 6.8.0}",
      "Microsoft.IdentityModel.Tokens, {Microsoft.IdentityModel.Tokens, 6.8.0}",
      "Microsoft.IdentityModel.Tokens.Saml, {Microsoft.IdentityModel.Tokens.Saml, 6.8.0}",
      "Microsoft.IdentityModel.Xml, {Microsoft.IdentityModel.Xml, 6.8.0}",
      "Microsoft.OpenApi, {Microsoft.OpenApi, 1.2.3}",
      "Serilog, {Serilog, 2.10.0}",
      "Serilog.Extensions.Logging, {Serilog.Extensions.Logging, 3.1.0}",
      "Serilog.Extensions.Logging.File, {Serilog.Extensions.Logging.File, 3.0.0}",
      "Serilog.Formatting.Compact, {Serilog.Formatting.Compact, 1.1.0}",
      "Serilog.Sinks.Async, {Serilog.Sinks.Async, 1.5.0}",
      "Serilog.Sinks.File, {Serilog.Sinks.File, 3.2.0}",
      "Serilog.Sinks.RollingFile, {Serilog.Sinks.RollingFile, 3.3.0}",
      "Swashbuckle.AspNetCore.Swagger, {Swashbuckle.AspNetCore.Swagger, 6.5.0}",
      "Swashbuckle.AspNetCore.SwaggerGen, {Swashbuckle.AspNetCore.SwaggerGen, 6.5.0}",
      "Swashbuckle.AspNetCore.SwaggerUI, {Swashbuckle.AspNetCore.SwaggerUI, 6.5.0}",
      "System.Formats.Asn1, {System.Formats.Asn1, 6.0.0}",
      "System.IO, {System.IO, 4.3.0}",
      "System.IO.FileSystem, {System.IO.FileSystem, 4.3.0}",
      "System.IO.FileSystem.Primitives, {System.IO.FileSystem.Primitives, 4.3.0}",
      "System.Reflection, {System.Reflection, 4.3.0}",
      "System.Reflection.DispatchProxy, {System.Reflection.DispatchProxy, 4.7.1}",
      "System.Reflection.Primitives, {System.Reflection.Primitives, 4.3.0}",
      "System.Runtime, {System.Runtime, 4.3.0}",
      "System.Runtime.CompilerServices.Unsafe, {System.Runtime.CompilerServices.Unsafe, 6.0.0}",
      "System.Runtime.Handles, {System.Runtime.Handles, 4.3.0}",
      "System.Runtime.InteropServices, {System.Runtime.InteropServices, 4.3.0}",
      "System.Security.AccessControl, {System.Security.AccessControl, 6.0.0}",
      "System.Security.Cryptography.Cng, {System.Security.Cryptography.Cng, 4.5.0}",
      "System.Security.Cryptography.Pkcs, {System.Security.Cryptography.Pkcs, 6.0.1}",
      "System.Security.Cryptography.Xml, {System.Security.Cryptography.Xml, 6.0.1}",
      "System.Security.Principal.Windows, {System.Security.Principal.Windows, 5.0.0}",
      "System.ServiceModel, {System.ServiceModel.Primitives, 4.10.3}",
      "System.ServiceModel.Duplex, {System.ServiceModel.Duplex, 4.10.3}",
      "System.ServiceModel.Federation, {System.ServiceModel.Federation, 4.10.3}",
      "System.ServiceModel.Http, {System.ServiceModel.Http, 4.10.3}",
      "System.ServiceModel.NetTcp, {System.ServiceModel.NetTcp, 4.10.3}",
      "System.ServiceModel.Primitives, {System.ServiceModel.Primitives, 4.10.3}",
      "System.ServiceModel.Security, {System.ServiceModel.Security, 4.10.3}",
      "System.Text.Encoding, {System.Text.Encoding, 4.3.0}",
      "System.Text.Encoding.Extensions, {System.Text.Encoding.Extensions, 4.3.0}",
      "System.Threading, {System.Threading, 4.3.0}",
      "System.Threading.Tasks, {System.Threading.Tasks, 4.3.0}",
      "System.Threading.Timer, {System.Threading.Timer, 4.0.1}",
      "System.Xml.ReaderWriter, {System.Xml.ReaderWriter, 4.3.0}",
      "System.Xml.XmlDocument, {System.Xml.XmlDocument, 4.3.0}"
    ],
    "sync": true,
    "targetFramework": "net6.0",
    "typeReuseMode": "All"
  }
}