{
  "ExtendedData": {
    "inputs": [
      "https://srbp00mg00.favoritafruit.corp:6443/GSAInterfaceWS/"
    ],
    "collectionTypes": [
      "System.Array",
      "System.Collections.Generic.Dictionary`2"
    ],
    "namespaceMappings": [
      "*, GSAInterfaceWS"
    ],
    "references": [
      "D:\\instaladores\\fuentes20231025\\Utility\\integracionlegadous\\obj\\Release\\net6.0\\PubTmp\\Out\\ApiSoffid.dll",
      "D:\\instaladores\\fuentes20231025\\Utility\\integracionlegadous\\obj\\Release\\net6.0\\PubTmp\\Out\\log4net.dll",
      "D:\\instaladores\\fuentes20231025\\Utility\\integracionlegadous\\obj\\Release\\net6.0\\PubTmp\\Out\\RestSharp.dll",
      "Microsoft.Bcl.AsyncInterfaces, {Microsoft.Bcl.AsyncInterfaces, 5.0.0}",
      "Microsoft.Extensions.DependencyInjection, {Microsoft.Extensions.DependencyInjection, 7.0.0}",
      "Microsoft.Extensions.DependencyInjection.Abstractions, {Microsoft.Extensions.DependencyInjection.Abstractions, 7.0.0}",
      "Microsoft.Extensions.ObjectPool, {Microsoft.Extensions.ObjectPool, 5.0.10}",
      "Microsoft.IdentityModel.Logging, {Microsoft.IdentityModel.Logging, 6.8.0}",
      "Microsoft.IdentityModel.Protocols.WsTrust, {Microsoft.IdentityModel.Protocols.WsTrust, 6.8.0}",
      "Microsoft.IdentityModel.Tokens, {Microsoft.IdentityModel.Tokens, 6.8.0}",
      "Microsoft.IdentityModel.Tokens.Saml, {Microsoft.IdentityModel.Tokens.Saml, 6.8.0}",
      "Microsoft.IdentityModel.Xml, {Microsoft.IdentityModel.Xml, 6.8.0}",
      "Microsoft.OpenApi, {Microsoft.OpenApi, 1.2.3}",
      "Swashbuckle.AspNetCore.Swagger, {Swashbuckle.AspNetCore.Swagger, 6.5.0}",
      "Swashbuckle.AspNetCore.SwaggerGen, {Swashbuckle.AspNetCore.SwaggerGen, 6.5.0}",
      "Swashbuckle.AspNetCore.SwaggerUI, {Swashbuckle.AspNetCore.SwaggerUI, 6.5.0}",
      "System.Formats.Asn1, {System.Formats.Asn1, 6.0.0}",
      "System.IO, {System.IO, 4.3.0}",
      "System.Reflection.DispatchProxy, {System.Reflection.DispatchProxy, 4.7.1}",
      "System.Runtime, {System.Runtime, 4.3.0}",
      "System.Security.AccessControl, {System.Security.AccessControl, 6.0.0}",
      "System.Security.Cryptography.Cng, {System.Security.Cryptography.Cng, 4.5.0}",
      "System.Security.Cryptography.Pkcs, {System.Security.Cryptography.Pkcs, 6.0.1}",
      "System.Security.Cryptography.Xml, {System.Security.Cryptography.Xml, 6.0.1}",
      "System.Security.Principal.Windows, {System.Security.Principal.Windows, 5.0.0}",
      "System.ServiceModel, {System.ServiceModel.Primitives, 4.10.3}",
      "System.ServiceModel.Duplex, {System.ServiceModel.Duplex, 4.10.3}",
      "System.ServiceModel.Federation, {System.ServiceModel.Federation, 4.10.3}",
      "System.ServiceModel.Http, {System.ServiceModel.Http, 4.10.3}",
      "System.ServiceModel.NetTcp, {System.ServiceModel.NetTcp, 4.10.3}",
      "System.ServiceModel.Primitives, {System.ServiceModel.Primitives, 4.10.3}",
      "System.ServiceModel.Security, {System.ServiceModel.Security, 4.10.3}",
      "System.Text.Encoding, {System.Text.Encoding, 4.3.0}",
      "System.Threading.Tasks, {System.Threading.Tasks, 4.3.0}",
      "System.Xml.ReaderWriter, {System.Xml.ReaderWriter, 4.3.0}",
      "System.Xml.XmlDocument, {System.Xml.XmlDocument, 4.3.0}"
    ],
    "targetFramework": "net6.0",
    "typeReuseMode": "All"
  }
}